,agenda_name,agenda_id,agenda_url
0,윤석열 대통령 위헌적 비상계엄 선포 내란혐의 및 제주항공 여객기 참사 진상규명 관련 긴급현안질문 실시의 건,2207330,http://likms.assembly.go.kr/bill/billDetail.do?billId=PRC_V2R5L0V1K0Q8G1O3V4I4B0J2X0G1P6
1,12.29 여객기 참사 진상규명과 피해자 및 유가족의 피해구제를 위한 특별위원회 구성의 건,2207328,http://likms.assembly.go.kr/bill/billDetail.do?billId=PRC_L2O5Y0C1D0D8F1Z3F2B9Y2Z9G5B2Z3
2,철도안전법 일부개정법률안,2202049,http://likms.assembly.go.kr/bill/billDetail.do?billId=ARC_B2U4U0H7N2J2O0N8R5I5F1J9G2D2U5
3,항공사업법 일부개정법률안(대안),2207306,http://likms.assembly.go.kr/bill/billDetail.do?billId=PRC_Z2V4L1D2U1Z9X1L3D5M6G0P2P9D2G4
4,도로법 일부개정법률안(대안),2207307,http://likms.assembly.go.kr/bill/billDetail.do?billId=PRC_S2M4X1X2K1S9N1M3N5U5J3U1A5C1O1
5,철도의 건설 및 철도시설 유지관리에 관한 법률 일부개정법률안,2202488,http://likms.assembly.go.kr/bill/billDetail.do?billId=PRC_E2D4B0A7I2H6G1H6F4C2A4Z9X8G7H5
6,철도사업법 일부개정법률안,2204407,http://likms.assembly.go.kr/bill/billDetail.do?billId=PRC_G2F4E0L9K2J5I1Q5P4O2N2J4G6F6N2
7,대중교통의 육성 및 이용촉진에 관한 법률 일부개정법률안,2200478,http://likms.assembly.go.kr/bill/billDetail.do?billId=PRC_W2U4U0T6B1B0Z1A9Y2Z2Y0F3G0F0F9
8,교통약자의 이동편의 증진법 일부개정법률안,2202148,http://likms.assembly.go.kr/bill/billDetail.do?billId=PRC_Q2R4N0L7J1K0R1Q0R0P7P0N7O0W6X0
9,공항시설법 일부개정법률안,2204197,http://likms.assembly.go.kr/bill/billDetail.do?billId=PRC_V2W4U0C9D2B3B1Z0A4V9W3U1V1T4S8
10,클라우드컴퓨팅 발전 및 이용자 보호에 관한 법률 일부개정법률안,2204730,http://likms.assembly.go.kr/bill/billDetail.do?billId=ARC_P2H4F1L0S1E6V1R5Y1D5V2G6Q9B8P2
11,지능정보화 기본법 일부개정법률안,2204728,http://likms.assembly.go.kr/bill/billDetail.do?billId=ARC_R2T4A1L0D1D6S1M5A1E5P2B2B9R2L9
12,통신비밀보호법 일부개정법률안,2203054,http://likms.assembly.go.kr/bill/billDetail.do?billId=PRC_W2U4U0C8D2B1A1A0Y2Z7H5I3G7G8E7
13,정보통신공사업법 일부개정법률안,2201049,http://likms.assembly.go.kr/bill/billDetail.do?billId=ARC_D2H4B0L6L2H7O1O5Q2X8A4R0F9M2M1
14,기업부설연구소등의 연구개발 지원에 관한 법률안(대안),2207310,http://likms.assembly.go.kr/bill/billDetail.do?billId=PRC_L2C4R1D2E0V2F1D1K3M2T3W3C4D9L5
15,원자력안전위원회의 설치 및 운영에 관한 법률 일부개정법률안,2200395,http://likms.assembly.go.kr/bill/billDetail.do?billId=PRC_O2M4N0V6W0U5U1T0R1S3O5O3M9N5M3
16,연구실 안전환경 조성에 관한 법률 일부개정법률안,2206539,http://likms.assembly.go.kr/bill/billDetail.do?billId=PRC_I2J4H1I1G2F9F1V6W5U2V2T4R4S7A1
17,나노기술개발 촉진법 일부개정법률안,2205496,http://likms.assembly.go.kr/bill/billDetail.do?billId=PRC_E2D4C1C0B2J8I1H0F2G1O3N4L0K3L0
18,국가전략기술 육성에 관한 특별법 일부개정법률안,2205006,http://likms.assembly.go.kr/bill/billDetail.do?billId=PRC_V2U4S1T0S0N9M2L1K2S6S0R1Q8O5X3
19,과학기술분야 정부출연연구기관 등의 설립·운영 및 육성에 관한 법률 일부개정법률안,2202783,http://likms.assembly.go.kr/bill/billDetail.do?billId=PRC_Y2W4W0J8I0I8G1H6F4G7B3C2B8B9Z7
20,헌법재판소법 일부개정법률안,2201253,http://likms.assembly.go.kr/bill/billDetail.do?billId=PRC_Q2P4O0V6W2V1U1S4A1Z3Y2Z8Y6H4G1
21,재한외국인 처우 기본법 일부개정법률안,2200862,http://likms.assembly.go.kr/bill/billDetail.do?billId=PRC_P2O4N0O6J0I3H1F1O2P4N2M6S0R6Z6
22,민사집행법 일부개정법률안,2204166,http://likms.assembly.go.kr/bill/billDetail.do?billId=PRC_V2U4C0C9B1B9Z1A6Z3Z5H0H5F6E9F4
23,윤석열 정부의 비상계엄 선포를 통한 내란 혐의 진상규명 국정조사계획서 승인의 건,2207147,http://likms.assembly.go.kr/bill/billDetail.do?billId=PRC_W2R4D1V2O3C1F1X3Z3P5Z5P6P9Y1Z7
24,물류시설의 개발 및 운영에 관한 법률 일부개정법률안,2202276,http://likms.assembly.go.kr/bill/billDetail.do?billId=ARC_Z2N4T0B7F2L6O1R0O5O3P5B0K9Q1O8
25,주차장법 일부개정법률안,2201384,http://likms.assembly.go.kr/bill/billDetail.do?billId=PRC_D2L4J0K7I0J1H1I7E5C1C2B2C7A3I4
26,역세권의 개발 및 이용에 관한 법률 일부개정법률안,2201097,http://likms.assembly.go.kr/bill/billDetail.do?billId=PRC_C2Y4X0K6I2H7G1O1M2K9T3U1S5R2P4
27,공공주택 특별법 일부개정법률안(대안),2207085,http://likms.assembly.go.kr/bill/billDetail.do?billId=PRC_H2S4Y1U1Z2Y7H1Z1H0D8K3K9M5F1P6
28,한국공항공사법 일부개정법률안,2200190,http://likms.assembly.go.kr/bill/billDetail.do?billId=PRC_C2L4K0I5K3S0R1P6O0W6X1W6U2T9P7
29,대구경북통합신공항 건설을 위한 특별법 일부개정법률안,2200449,http://likms.assembly.go.kr/bill/billDetail.do?billId=PRC_G2E4F0B6B0Z7Y1Z2X5Y4G2G4E2D0D2
30,민간임대주택에 관한 특별법 일부개정법률안(대안),2205436,http://likms.assembly.go.kr/bill/billDetail.do?billId=PRC_A2P4B0X9R2X5Q1K4I2J4W5B5O4D3L2
31,도시 및 주거환경정비법 일부개정법률안,2203514,http://likms.assembly.go.kr/bill/billDetail.do?billId=PRC_S2R4R0Q8Q3M0K0L9J4K0I0J8Q4P0Q7
32,화장품법 일부개정법률안,2203239,http://likms.assembly.go.kr/bill/billDetail.do?billId=PRC_H2F4G0E8F0D1Z1A6Y4Y3X1X2W3W5E6
33,의료기기법 일부개정법률안(대안),2207090,http://likms.assembly.go.kr/bill/billDetail.do?billId=PRC_Z2E4M1L2M0X4L1X5K2X9U0U2W9X4I8
34,노숙인 등의 복지 및 자립지원에 관한 법률 일부개정법률안,2204691,http://likms.assembly.go.kr/bill/billDetail.do?billId=ARC_S2D4M1R0S1G5D0G9D3U9F0J7S5N2U1
35,산림재난방지법안(대안),2207087,http://likms.assembly.go.kr/bill/billDetail.do?billId=PRC_H2B4E1J2C1Y9D1O5B3H8P0F1K6Q0O5
36,콘텐츠산업 진흥법 일부개정법률안(대안),2206956,http://likms.assembly.go.kr/bill/billDetail.do?billId=PRC_Z2W4O1U1O2M0D1H7M4N0R4P1P1N7W2
37,박물관 및 미술관 진흥법 일부개정법률안(대안),2206957,http://likms.assembly.go.kr/bill/billDetail.do?billId=PRC_M2T4F1T1D2B0L1F7F3K6Y5G4D5Z3Y2
38,국민체육진흥법 일부개정법률안(대안),2206955,http://likms.assembly.go.kr/bill/billDetail.do?billId=PRC_C2A4E1W1J2B5Z1A1Y1T8O5Q3D8S5D8
39,관광진흥법 일부개정법률안(대안),2206954,http://likms.assembly.go.kr/bill/billDetail.do?billId=PRC_C2O4A1M1Q2D5F1D2Q2P4P2A9F5S5F9
40,게임산업진흥에 관한 법률 일부개정법률안(대안),2206953,http://likms.assembly.go.kr/bill/billDetail.do?billId=PRC_K2I4S1R1H2E0R1Q7D4K1W3N1D6N6C0
41,지역신문발전지원 특별법 일부개정법률안,2202558,http://likms.assembly.go.kr/bill/billDetail.do?billId=PRC_E2C4D0B8J0K2I1I3G0H8F3G9O9O3N9
42,작은도서관 진흥법 일부개정법률안,2203074,http://likms.assembly.go.kr/bill/billDetail.do?billId=PRC_X2V4W0L8L0K9K1J0J5I3I1Q2O6P0N1
43,영화 및 비디오물의 진흥에 관한 법률 일부개정법률안,2203203,http://likms.assembly.go.kr/bill/billDetail.do?billId=PRC_D2F4D0D8Z1Z4Y1W6X2V2W4D6E0D4D4
44,문화기본법 일부개정법률안,2200447,http://likms.assembly.go.kr/bill/billDetail.do?billId=PRC_H2I4G0H6P1O1O0M9N4M3T0U6S9T8R5
45,문학진흥법 일부개정법률안,2204676,http://likms.assembly.go.kr/bill/billDetail.do?billId=PRC_L2J4R1Q0P1P1O0W9V3T3A3Z1H1I2H1
46,매장유산 보호 및 조사에 관한 법률 일부개정법률안,2203098,http://likms.assembly.go.kr/bill/billDetail.do?billId=PRC_J2H4Q0Q8O1P9N1O4M2N0I2H6I0G6G2
47,대중문화예술산업발전법 일부개정법률안,2203906,http://likms.assembly.go.kr/bill/billDetail.do?billId=PRC_D2E4C0C8B3B0Z1H6I1G7H2F8F1E5F7
48,학교폭력예방 및 대책에 관한 법률 일부개정법률안,2203449,http://likms.assembly.go.kr/bill/billDetail.do?billId=PRC_H2F4G0E8E2C9L2L2J3K8I5J3H4I9D7
49,교원의 지위 향상 및 교육활동 보호를 위한 특별법 일부개정법률안,2205027,http://likms.assembly.go.kr/bill/billDetail.do?billId=PRC_V2T4U0S8A0B7Z1Z7Y1Z6X4X5F8G5E5
50,공교육 정상화 촉진 및 선행교육 규제에 관한 특별법 일부개정법률안,2203142,http://likms.assembly.go.kr/bill/billDetail.do?billId=PRC_K2J4J0H8Q1Q9O1P1O4O7M3U5V0T5U3
51,지방교육재정교부금법 일부개정법률안(대안),2205966,http://likms.assembly.go.kr/bill/billDetail.do?billId=PRC_M2W4A1Z2E3F0H1X8F0Z2X2Q4B9H7Z1
52,군사법원법 일부개정법률안,2200819,http://likms.assembly.go.kr/bill/billDetail.do?billId=PRC_G2C4J0I6H1F8N1M4L4K4S1R2Q4Q3P5
53,고위공직자범죄수사처 설치 및 운영에 관한 법률 일부개정법률안,2203837,http://likms.assembly.go.kr/bill/billDetail.do?billId=PRC_V2U4C0B7C3B0Z1H4G1E1D0E2B7Z6Y0
54,반인권적 국가범죄의 시효 등에 관한 특례법안(대안),2207082,http://likms.assembly.go.kr/bill/billDetail.do?billId=PRC_T2E4V1L2D2C3J1F4T3T2R3J3L4Q6A5
55,한국산업은행법 일부개정법률안(대안),2206917,http://likms.assembly.go.kr/bill/billDetail.do?billId=PRC_G2Z4M1D2P0H3W1U3D3Z7Q1S6Y2F6K1
56,자본시장과 금융투자업에 관한 법률 일부개정법률안(대안),2204308,http://likms.assembly.go.kr/bill/billDetail.do?billId=PRC_S2M4C0P8Q2N8T1I3P2J8G4Z0Z7L8B1
57,예금자보호법 일부개정법률안(대안),2203268,http://likms.assembly.go.kr/bill/billDetail.do?billId=PRC_M2I4K0R8B2G6B1B7C4B0Y3V4H9Y6D0
58,대부업 등의 등록 및 금융이용자 보호에 관한 법률 일부개정법률안(대안),2206910,http://likms.assembly.go.kr/bill/billDetail.do?billId=PRC_P2E4S1X2G0S3K1I3I4O1Y3V4R4V9M6
59,공중 등 협박목적 및 대량살상무기확산을 위한 자금조달행위의 금지에 관한 법률 일부개정법률안(대안),2206914,http://likms.assembly.go.kr/bill/billDetail.do?billId=PRC_E2K4Z1V2T0G3B1B3D3G6C0I5X2A4N5
60,이행강제금 규정 정비를 위한 가맹사업거래의 공정화에 관한 법률 등 10개 법률의 일부개정에 관한 법률안,2202638,http://likms.assembly.go.kr/bill/billDetail.do?billId=PRC_Y2Z4X0Y7W1X1T1R4R3P5Q2P5P7X3W8
61,여신전문금융업법 일부개정법률안,2202422,http://likms.assembly.go.kr/bill/billDetail.do?billId=PRC_V2D4C0B6Z2A4W1V4T4R4A3B3A3Y2X1
62,신용협동조합법 일부개정법률안,2202417,http://likms.assembly.go.kr/bill/billDetail.do?billId=PRC_Z2A4I0N6L2U4S1R4P3Q8Y5X7V9W0V8
63,독점규제 및 공정거래에 관한 법률 일부개정법률안,2201853,http://likms.assembly.go.kr/bill/billDetail.do?billId=PRC_Z2A4Y0U7U1S1U1S0S4Q7R0Z6X7Y1W0
64,모두를 위한 통합교육 촉구 결의안,2206490,http://likms.assembly.go.kr/bill/billDetail.do?billId=PRC_O2N4L1M1U2U0T1T6S1S0R3Y4Z9Y3Y9
65,2024년도 농림축산식품해양수산위원회 국정감사에 따른 감사원에 대한 감사요구안,2206647,http://likms.assembly.go.kr/bill/billDetail.do?billId=PRC_Z2M4M1B2J1J3J1G6C3J3N0Y4E9M6M7
66,2025년도에 발행하는 공급망안정화기금채권에 대한 국가보증동의안,2203532,http://likms.assembly.go.kr/bill/billDetail.do?billId=PRC_O2I4G0I9N0M2I1J7Q1Y2K5O3I9B4Q5
67,2025년도에 발행하는 한국장학재단채권에 대한 국가보증동의안,2203531,http://likms.assembly.go.kr/bill/billDetail.do?billId=PRC_E2H4P0U9I0Q2J1C7S1B2I2X6D7Y8T4
68,지방교부세법 일부개정법률안(대안),2206918,http://likms.assembly.go.kr/bill/billDetail.do?billId=PRC_I2G4N1B2K2C0Q1O6U1Y5J5E6Y7C6N4
69,지방세특례제한법 일부개정법률안(대안),2206927,http://likms.assembly.go.kr/bill/billDetail.do?billId=PRC_Q2S4I1N2I2G0U1K6M1K4G5P5L5O9G1
70,지방세법 일부개정법률안(대안),2206916,http://likms.assembly.go.kr/bill/billDetail.do?billId=PRC_V2G4W1P2P2V0G1Q6P0J5R3Y3E6V8T0
71,지방행정제재ㆍ부과금의 징수 등에 관한 법률 일부개정법률안,2205046,http://likms.assembly.go.kr/bill/billDetail.do?billId=ARC_T2E4S1X0J3I0Y1V3Z5R3D4U1U8B3U7
72,지방세징수법 일부개정법률안,2205363,http://likms.assembly.go.kr/bill/billDetail.do?billId=ARC_F2M4X1W1S0Y7W1T6J4M9O0Z6S3F6M2
73,지방세기본법 일부개정법률안,2205364,http://likms.assembly.go.kr/bill/billDetail.do?billId=ARC_E2P4F1S1Q0E7L1B6O5Y2J1N5G0U5X3
74,인공지능 발전과 신뢰 기반 조성 등에 관한 기본법안(대안),2206772,http://likms.assembly.go.kr/bill/billDetail.do?billId=PRC_R2V4H1W1T2K5M1O6E4Q9T0V7Q9S0U0
75,디지털포용법안(대안),2206761,http://likms.assembly.go.kr/bill/billDetail.do?billId=PRC_O2K4A1L1L2Z5P1B7I0A4R2Q3E3Y4V4
76,정보통신망 이용촉진 및 정보보호 등에 관한 법률 일부개정법률안,2204517,http://likms.assembly.go.kr/bill/billDetail.do?billId=PRC_N2W4T0R9A2Z5Y2X2F1E4B5X8W5V3U9
77,전기통신사업법 일부개정법률안(대안),2206775,http://likms.assembly.go.kr/bill/billDetail.do?billId=PRC_Y2H4M1M1J2J5C1D7E0L0Q5J3M3S3O8
78,이동통신단말장치 유통구조 개선에 관한 법률 폐지법률안,2200097,http://likms.assembly.go.kr/bill/billDetail.do?billId=PRC_G2E4S0T5R3Q1P1X0Y3W5V0U5B0A2B5
79,방송법 일부개정법률안,2201050,http://likms.assembly.go.kr/bill/billDetail.do?billId=ARC_W2J4Y0S6F2Y7K1L5B3A6L4Z8W8V9W6
80,원자력안전법 일부개정법률안(대안),2206769,http://likms.assembly.go.kr/bill/billDetail.do?billId=PRC_L2S4Q1U2M0A2J1I1S3N4H3B0Z5M9U8
81,우주개발 진흥법 일부개정법률안(대안),2206765,http://likms.assembly.go.kr/bill/billDetail.do?billId=PRC_Y2L4B1A2B0P2P1Q1F2K6E5G2E6O0K2
82,피한정후견인 결격조항 정비를 위한 과학기술정보방송통신위원회 소관 2개 법률 일부개정을 위한 법률안,2202909,http://likms.assembly.go.kr/bill/billDetail.do?billId=PRC_R2R4Q0Q8P1P2O1O0K4K0I1H5I1G8G1
83,원자력시설 등의 방호 및 방사능 방재 대책법 일부개정법률안,2204409,http://likms.assembly.go.kr/bill/billDetail.do?billId=PRC_Y2X4Y0W9V2D6C1C3B0Z7H1A9B0J3I3
84,연구개발특구의 육성에 관한 특별법 일부개정법률안,2204420,http://likms.assembly.go.kr/bill/billDetail.do?billId=PRC_C2B4B0A9A0Z9Z1H5G0G0E0F7D9E8M0
85,학생맞춤통합지원법안(대안),2206629,http://likms.assembly.go.kr/bill/billDetail.do?billId=PRC_Y2T4Q1D1X2J7W1N9W5K0N2K0F8Z1J8
86,학교폭력예방 및 대책에 관한 법률 일부개정법률안(대안),2206631,http://likms.assembly.go.kr/bill/billDetail.do?billId=PRC_E2M4F1W1H2E7P1D9L4V2Y3N2U2B8H2
87,대안교육기관에 관한 법률 일부개정법률안(대안),2206627,http://likms.assembly.go.kr/bill/billDetail.do?billId=PRC_P2X4L1A1M2D7V1C9P3U5H5J5E4Z2Q5
88,고등교육법 일부개정법률안(대안),2204317,http://likms.assembly.go.kr/bill/billDetail.do?billId=PRC_Z2B4E0C9A0X3Y0T9J5Q0U3J4B5K0K1
89,학교안전사고 예방 및 보상에 관한 법률 일부개정법률안,2205022,http://likms.assembly.go.kr/bill/billDetail.do?billId=PRC_P2Q4O0M8N0L7M1U7U2S0T0S5Q6Q2Y8
90,초·중등교육법 일부개정법률안(대안),2205967,http://likms.assembly.go.kr/bill/billDetail.do?billId=PRC_G2C4Z1D1G0G5K1N5U1T6L1S4Y3R7Z6
91,학교복합시설 설치 및 운영·관리에 관한 법률 일부개정법률안,2202956,http://likms.assembly.go.kr/bill/billDetail.do?billId=PRC_O2P4N0L8M0S9S1Q8R3Q5X4Y1W5X3V2
92,폐교재산의 활용촉진을 위한 특별법 일부개정법률안,2203200,http://likms.assembly.go.kr/bill/billDetail.do?billId=PRC_O2W4F0D6C2D7C1K6J4H9G4C7D1B1A5
93,사립학교법 일부개정법률안,2205212,http://likms.assembly.go.kr/bill/billDetail.do?billId=PRC_D2C4B1J1I0H1F1N7M0G2F5E5D8L9K4
94,도시형캠퍼스 설립·운영에 관한 특별법안,2200433,http://likms.assembly.go.kr/bill/billDetail.do?billId=PRC_W2U4T0V6U0T4A1Z0A2Z5X4G4E3D5C7
95,교육기본법 일부개정법률안,2202397,http://likms.assembly.go.kr/bill/billDetail.do?billId=PRC_G2F4G0O7N2L5K1K6T2R0T2S8A0Z6X3
96,윤석열 대통령 배우자 김건희의 주가조작 사건 등의 진상규명을 위한 특별검사 임명 등에 관한 법률안,2204739,http://likms.assembly.go.kr/bill/billDetail.do?billId=PRC_W2E4Q1D1Y1L4Y1L2C4Q6E2M1C7U0T7
97,윤석열 정부의 위헌적 비상계엄 선포를 통한 내란 행위의 진상규명을 위한 특별검사 임명 등에 관한 법률안,2206291,http://likms.assembly.go.kr/bill/billDetail.do?billId=PRC_G2K4I1A2K0L9J1O0V4D2K1Y4P3I7H7
98,제419회국회(임시회) 회기결정의 건,2206378,http://likms.assembly.go.kr/bill/billDetail.do?billId=PRC_L2L4L1X2T1Y0Q1A0K3F2S3S1B7R4M8
99,2025년도 무역보험계약 체결 한도에 대한 동의안,2203533,http://likms.assembly.go.kr/bill/billDetail.do?billId=PRC_A2H4S0Q9V0G2I1W7M1N3N4E3M6Y2J9
100,2025년도 임대형 민자사업(BTL) 한도액안,2203521,http://likms.assembly.go.kr/bill/billDetail.do?billId=PRC_G2D4Z0W9Y0C2U1E6Y4I7B1D7J8L1Y8
101,2025년도 기금운용계획안,2203520,http://likms.assembly.go.kr/bill/billDetail.do?billId=PRC_U2X4W1J2K1F0K1K4C3H8E4W0E3G1A1
102,2025년도 예산안,2203519,http://likms.assembly.go.kr/bill/billDetail.do?billId=PRC_V2B4N1B2P1L0L1D4I3M7S2Z5B1U3X2
103,지하수법 일부개정법률안,2204602,http://likms.assembly.go.kr/bill/billDetail.do?billId=PRC_V2U4S0T9S2O6M1N8L1K4T5R6S1Q4P7
104,먹는물관리법 일부개정법률안,2204601,http://likms.assembly.go.kr/bill/billDetail.do?billId=PRC_E2L4K0I9I2Q6P1O8N1J4G1F4N9M1L0
105,국가재정법 일부개정법률안,2202096,http://likms.assembly.go.kr/bill/billDetail.do?billId=PRC_W2V4U0B7B1H8G0G9M1L8K1J5P0N3M4
106,소재ㆍ부품ㆍ장비산업 경쟁력 강화 및 공급망 안정화를 위한 특별조치법 일부개정법률안(대안),2206091,http://likms.assembly.go.kr/bill/billDetail.do?billId=PRC_B2U4Z1H1H2U9A1S6C1F9H4G7N6H0X3
107,산업기술혁신 촉진법 일부개정법률안,2202095,http://likms.assembly.go.kr/bill/billDetail.do?billId=PRC_X2U4T0Q7T1S8R0Z9W1V9E5D1A5I7G0
108,국제질병퇴치기금법 폐지법률안,2204593,http://likms.assembly.go.kr/bill/billDetail.do?billId=PRC_Z2Y4N0K9J2R6R1P8O1X3V0V1U0C8Z1
109,주식·사채 등의 전자등록에 관한 법률 일부개정법률안,2204804,http://likms.assembly.go.kr/bill/billDetail.do?billId=PRC_L2K4J1I0I1Q6P1O0M2N1V4U5S1T8S1
110,자유무역협정의 이행을 위한 관세법의 특례에 관한 법률 일부개정법률안,2203524,http://likms.assembly.go.kr/bill/billDetail.do?billId=ARC_V2G4C0H9W0W2H1O6B4C8X0F6L5Z9R2
111,국제조세조정에 관한 법률 일부개정법률안,2203523,http://likms.assembly.go.kr/bill/billDetail.do?billId=ARC_Y2F4E0Q9N0U2X1Y6F4M6W5U6R8T4B7
112,관세법 일부개정법률안,2203399,http://likms.assembly.go.kr/bill/billDetail.do?billId=ARC_E2N4D0J8X3H0N1N0J0F5M5G8Y3W5V0
113,과세자료의 제출 및 관리에 관한 법률 일부개정법률안,2203464,http://likms.assembly.go.kr/bill/billDetail.do?billId=ARC_C2Z4B0S8I3P0O1X8M2F7W1U1Y9U6C3
114,조세특례제한법 일부개정법률안,2203522,http://likms.assembly.go.kr/bill/billDetail.do?billId=PRC_R2F4Y1G2K1Y0O1I4L3G7H4M3V5J8K5
115,주세법 일부개정법률안,2203472,http://likms.assembly.go.kr/bill/billDetail.do?billId=ARC_H2E4P0N9Y0P2X0O9N0D1Z5K3X1X1K1
116,교통·에너지·환경세법 일부개정법률안,2203465,http://likms.assembly.go.kr/bill/billDetail.do?billId=ARC_W2H4M0Q8P3T0Z1R8P3S1E0V2O7F8C7
117,개별소비세법 일부개정법률안,2203397,http://likms.assembly.go.kr/bill/billDetail.do?billId=ARC_C2A4B0A8H3R0V0R9F2L0E3Z7P8F7S5
118,부가가치세법 일부개정법률안,2203528,http://likms.assembly.go.kr/bill/billDetail.do?billId=PRC_D2P4A1P2G1X0F1K4Z3B6B5A4D7L7C5
119,상속세 및 증여세법 일부개정법률안,2203525,http://likms.assembly.go.kr/bill/billDetail.do?billId=ARC_X2O4L0L9E0U2G1R6D4J8E2F0U7Q1H1
120,법인세법 일부개정법률안,2203526,http://likms.assembly.go.kr/bill/billDetail.do?billId=ARC_S2A4K0W9K0Z2U1D6I4P8Q3H0W4H8G7
121,소득세법 일부개정법률안,2203518,http://likms.assembly.go.kr/bill/billDetail.do?billId=ARC_G2R4Q0P9H0N2Q1J6P4Z3K5D5G4E3D0
122,국세기본법 일부개정법률안,2203527,http://likms.assembly.go.kr/bill/billDetail.do?billId=ARC_X2Q4U0V9S0P2M1L6U4A8H4M0K7Z1S0
123,내란범죄혐의자 신속체포요구 결의안,2206269,http://likms.assembly.go.kr/bill/billDetail.do?billId=PRC_T2W4G1C2I1C0R1P3U2S5V3V8X2C2O4
124,위헌적 비상계엄 선포를 통한 내란 행위의 진상규명을 위한 특별검사의 수사요구안,2206226,http://likms.assembly.go.kr/bill/billDetail.do?billId=PRC_F2Y4Z1N2G0Y5Q1A4M1O0P4N2I4P3N1
125,소방공무원 보건안전 및 복지 기본법 일부개정법률안(대안),2206323,http://likms.assembly.go.kr/bill/billDetail.do?billId=PRC_C2W4J1R1U2W7W2Q0A3Z9N4Y7S1R4P4
126,소방기본법 일부개정법률안,2202998,http://likms.assembly.go.kr/bill/billDetail.do?billId=PRC_B2Z4Z0X8W1X2E1F1D1E6D3B3B5J2K3
127,총포·도검·화약류 등의 안전관리에 관한 법률 일부개정법률안(대안),2206321,http://likms.assembly.go.kr/bill/billDetail.do?billId=PRC_Z2H4F1T1Y2E7Q2F0P3C9W1C8U6F3M2
128,경비업법 일부개정법률안(대안),2206331,http://likms.assembly.go.kr/bill/billDetail.do?billId=PRC_P2Z4N1A1J2R7P2M0I3C7V5T3Z6J1X0
129,경찰공무원법 일부개정법률안,2202548,http://likms.assembly.go.kr/bill/billDetail.do?billId=PRC_H2D4B0C7A0B5Z1H3I4G8G3F2G0E3M1
130,도로교통법 일부개정법률안(대안),2205467,http://likms.assembly.go.kr/bill/billDetail.do?billId=PRC_R2U4G0Y9L2W4N2S1A2G4Z3P4T6T7J6
131,공직선거법 일부개정법률안(대안),2206328,http://likms.assembly.go.kr/bill/billDetail.do?billId=PRC_X2H4L1L1G2N7C2C0J3Y7B2Z8E4W1M7
132,자연재해대책법 일부개정법률안,2201199,http://likms.assembly.go.kr/bill/billDetail.do?billId=ARC_K2O4L0L6Y2B8Y2Z1Q1T1G3O6Y2D7G6
133,재난 및 안전관리 기본법 일부개정법률안(대안),2206320,http://likms.assembly.go.kr/bill/billDetail.do?billId=PRC_O2J4B1Z1R2M7N2F0B3J6Z2K1Z2F3W7
134,지방공무원법 일부개정법률안(대안),2206319,http://likms.assembly.go.kr/bill/billDetail.do?billId=PRC_W2Y4N1C1P2I7R2C0Y3V5L2D8R8H1K3
135,국가공무원법 일부개정법률안(대안),2206327,http://likms.assembly.go.kr/bill/billDetail.do?billId=PRC_H2M4A1A1J2P7L2H0N3N4N5K3G9Q6Z2
136,공무원 재해보상법 일부개정법률안(대안),2206330,http://likms.assembly.go.kr/bill/billDetail.do?billId=PRC_R2T4O1S1H2I7K2Q0S3G3H4A7J4Y6A3
137,지방공기업법 일부개정법률안,2202819,http://likms.assembly.go.kr/bill/billDetail.do?billId=PRC_Z2A4Y0G8H1F2F1E1F1D5D1L8J8K3I0
138,전자정부법 일부개정법률안(대안),2206324,http://likms.assembly.go.kr/bill/billDetail.do?billId=PRC_X2Q4E1I1O2J7U2U0P3P3Z1J1O4M5X7
139,새마을금고법 일부개정법률안(대안),2206325,http://likms.assembly.go.kr/bill/billDetail.do?billId=PRC_E2F4J1V1W2O7B2Y0A3V2Z0O6E4M0T2
140,여수ㆍ순천 10ㆍ19사건 진상규명 및 희생자 명예회복에 관한 특별법 일부개정법률안(대안),2206322,http://likms.assembly.go.kr/bill/billDetail.do?billId=PRC_T2B4O1Y1P2S7V2O0Y3Q2X3H8N5T3E0
141,방위산업 발전 및 지원에 관한 법률 일부개정법률안,2201864,http://likms.assembly.go.kr/bill/billDetail.do?billId=PRC_T2R4Z0A6Z0Z7X0W9W5E9F5D2E6C5B4
142,병역법 일부개정법률안(대안),2206316,http://likms.assembly.go.kr/bill/billDetail.do?billId=PRC_U2W4U1V1R2W7H1O1Z2M7G2S9O1W4D5
143,군인사법 일부개정법률안(대안),2205419,http://likms.assembly.go.kr/bill/billDetail.do?billId=PRC_T2N4M0O9E2I4I1I7N3D1V1N8V0N0S3
144,국방정보화 기반조성 및 국방정보자원관리에 관한 법률 일부개정법률안,2204097,http://likms.assembly.go.kr/bill/billDetail.do?billId=PRC_O2M4V0T7U3T1R1A6Y0X9W0W6M5K0J4
145,군인의 지위 및 복무에 관한 기본법 일부개정법률안,2203735,http://likms.assembly.go.kr/bill/billDetail.do?billId=PRC_X2F4F0E9E0D5D1C0C4K8I4J9H6I4G4
146,군인 재해보상법 일부개정법률안,2203091,http://likms.assembly.go.kr/bill/billDetail.do?billId=PRC_C2K4J0H7G2V9W0V9U4S3A3B6A6Y2X3
147,군인복지기본법 일부개정법률안,2203066,http://likms.assembly.go.kr/bill/billDetail.do?billId=PRC_G2F4Z0Y6X1W4E1D7A0I6H5H3F6O9N1
148,피한정후견인 결격조항 정비를 위한 국방위원회 소관 2개 법률 일부개정을 위한 법률안,2202911,http://likms.assembly.go.kr/bill/billDetail.do?billId=PRC_L2L4T0U8S1T2R1Q0Q4Y1Y3X9Y7W0U6
149,군인보수법 일부개정법률안,2202298,http://likms.assembly.go.kr/bill/billDetail.do?billId=PRC_I2J4H0H7Q1O1O1N2O5M3U4U4T3U9S9
150,국가배상법 일부개정법률안(대안),2206315,http://likms.assembly.go.kr/bill/billDetail.do?billId=PRC_N2W4Z1Z2X0H9V1B1J5J6I5D8C8Z2M4
151,교통사고처리 특례법 일부개정법률안(대안),2206318,http://likms.assembly.go.kr/bill/billDetail.do?billId=PRC_E2M4G1C2J0J9Y1C1W5M6G0W1Y6Q3B4
152,각급 법원 판사 정원법 일부개정법률안,2205380,http://likms.assembly.go.kr/bill/billDetail.do?billId=PRC_W2E4E1D1B0B5A1B4I0J2H0G6G2E3G5
153,의사일정 변경동의의 건,2202525,http://likms.assembly.go.kr/bill/billDetail.do?billId=PRC_W2N4M0L8E0A2F1D3M4Z9T1M2W7E8L2
154,법무부ㆍ검찰청ㆍ검사의 헌법ㆍ법령 위반 등 관련 감사원에 대한 감사요구안,2206195,http://likms.assembly.go.kr/bill/billDetail.do?billId=PRC_D2M4G1Z2D0P2C1L7T0Y6A4Z7X2K9N3
155,비상계엄해제요구 결의안,2206197,http://likms.assembly.go.kr/bill/billDetail.do?billId=PRC_E2W4R1Q2I0U4B0O0Y5Q5Z4N6H5E8O7
156,2023회계연도 예비비지출 승인의 건,2200052,http://likms.assembly.go.kr/bill/billDetail.do?billId=PRC_F2N4K0C6O2F8F1P3Y1X5O5A5P8D3B1
157,2023회계연도 결산,2200051,http://likms.assembly.go.kr/bill/billDetail.do?billId=PRC_X2O4P0F6H2U8T1O0K5T3P0I0A2K2Q3
158,국민연금법 일부개정법률안(대안),2203265,http://likms.assembly.go.kr/bill/billDetail.do?billId=PRC_P2P4T0C8H2P3A1B1K5A2E4C0Y8M9F8
159,장애인활동 지원에 관한 법률 일부개정법률안(대안),2205954,http://likms.assembly.go.kr/bill/billDetail.do?billId=PRC_A2K4C1X1H2F0M2Z0D5K9K3C8T6P7Z2
160,장애아동 복지지원법 일부개정법률안,2201217,http://likms.assembly.go.kr/bill/billDetail.do?billId=PRC_P2X4X0W6U1V0T2U1Q3Q6O4N5N7L4N5
161,노인장기요양보험법 일부개정법률안(대안),2205952,http://likms.assembly.go.kr/bill/billDetail.do?billId=PRC_G2C4G1F1Y2S0Q2R0C5W8C3F1C5Z6M3
162,노인 일자리 및 사회활동 지원에 관한 법률 일부개정법률안,2203550,http://likms.assembly.go.kr/bill/billDetail.do?billId=PRC_W2W4U0C8C0A5B0Z9A5Y7G4H0F1F0E5
163,노인복지법 일부개정법률안(대안),2205951,http://likms.assembly.go.kr/bill/billDetail.do?billId=PRC_V2I4I1T1G2K0Y2W0S5Q7W4I5Z6F4V1
164,감염병의 예방 및 관리에 관한 법률 일부개정법률안,2202816,http://likms.assembly.go.kr/bill/billDetail.do?billId=PRC_E2L4K0S7R2P5O1K6J3J5I4H8P1N2M0
165,사회보장기본법 일부개정법률안,2203344,http://likms.assembly.go.kr/bill/billDetail.do?billId=PRC_B2J4J0I8G2H6F1G5N4E5C1D0L3L4J0
166,사회보장급여의 이용·제공 및 수급권자 발굴에 관한 법률 일부개정법률안,2202196,http://likms.assembly.go.kr/bill/billDetail.do?billId=ARC_Y2U4Y0J7R2E4X1Y4B0C5D1T9I8C6Q1
167,노후준비 지원법 일부개정법률안,2202089,http://likms.assembly.go.kr/bill/billDetail.do?billId=ARC_G2N4B0O7H2D2T1L4W1X3C1V2E4Q2P6
168,약사법 일부개정법률안(대안),2205953,http://likms.assembly.go.kr/bill/billDetail.do?billId=PRC_F2Q4G1S1S2N0G2F1V0C8F0W5X5H5R7
169,의료법 일부개정법률안(대안),2205949,http://likms.assembly.go.kr/bill/billDetail.do?billId=PRC_F2K4E1S1W2Q0J2W0P5B5M3M3A9Q0Y0
170,보건의료기본법 일부개정법률안(대안),2205964,http://likms.assembly.go.kr/bill/billDetail.do?billId=PRC_N2C4C1O1V2V0N2G0J5X0V5Z3L7Z5Z0
171,쌀값 정상화를 위한 정부 대책 촉구 결의안,2205744,http://likms.assembly.go.kr/bill/billDetail.do?billId=PRC_D2E4L1M1L2J0J1I1I4Q4R0P1N5O9N9
172,가자지구에서의 즉각적이고 영구적인 휴전 촉구 결의안(대안),2205994,http://likms.assembly.go.kr/bill/billDetail.do?billId=PRC_J2W4W1K1Q2D7I2R0O3C7S1N5L1G0F5
173,2024년도 행정안전위원회 국정감사에 따른 감사원에 대한 감사요구안,2205778,http://likms.assembly.go.kr/bill/billDetail.do?billId=PRC_Z2J4E1Q1H2S0L1H9O5W5C4G1G4W4T2
174,2024년도 교육위원회 국정감사 결과에 따른 감사원에 대한 감사요구안,2205945,http://likms.assembly.go.kr/bill/billDetail.do?billId=PRC_Y2M4S1J1O2T7Z1F5V1V8H3U4Y1A2D7
175,국군부대의 소말리아 아덴만 해역 파견연장 동의안,2204496,http://likms.assembly.go.kr/bill/billDetail.do?billId=PRC_V2P4S1N0V0H2V1D4Z1V9J4L4Q7T8Q0
176,국군부대의 아랍에미리트(UAE)군 교육훈련 지원 등에 관한 파견연장 동의안,2204494,http://likms.assembly.go.kr/bill/billDetail.do?billId=ARC_R2L4Y1Q0N0D2B1J2N4Y0P4K1S0F9G3
177,대한민국과 아메리카합중국 간의 상호방위조약 제4조에 의한 시설과 구역 및 대한민국에서의 합중국군대의 지위에 관한 협정 제5조에 대한 특별조치에 관한 대한민국과 미합중국 간의 협정 비준동의안,2205260,http://likms.assembly.go.kr/bill/billDetail.do?billId=PRC_P2N4M1G1X0I5Y1Y4J1Y3V3U2W5K9U8
178,농수산물 유통 및 가격안정에 관한 법률 일부개정법률안(대안),2205973,http://likms.assembly.go.kr/bill/billDetail.do?billId=PRC_J2U4H1J1I2W1O1L8K0A6B4E5H9Y6H7
179,양곡관리법 일부개정법률안(대안),2205978,http://likms.assembly.go.kr/bill/billDetail.do?billId=PRC_V2X4O1Y1Q2E1C1K7A2X7J2V0M3F7K2
180,농어업재해대책법 일부개정법률안(대안),2205977,http://likms.assembly.go.kr/bill/billDetail.do?billId=PRC_G2D4X1O1R2F1Q1I7V2B4O5Z2L9I5B5
181,농어업재해보험법 일부개정법률안(대안),2205975,http://likms.assembly.go.kr/bill/billDetail.do?billId=PRC_O2Y4B1M1S2O1D1Y7S2A2P5T0X2N1N2
182,도시와 농어촌 간의 교류촉진에 관한 법률 일부개정법률안(대안),2205971,http://likms.assembly.go.kr/bill/billDetail.do?billId=PRC_Q2H4O1A1L2F1O1E3O5S4C4Q1P5R2F5
183,자치입법권 강화 및 지방자율성 제고를 위한 농어촌정비법 등 10개 법률의 일부개정에 관한 법률안,2201193,http://likms.assembly.go.kr/bill/billDetail.do?billId=ARC_C2Z4Z0C6Z2W8Q2R0G1B1Q0E5I5T8S0
184,농어업인 삶의 질 향상 및 농어촌지역 개발촉진에 관한 특별법 일부개정법률안,2204220,http://likms.assembly.go.kr/bill/billDetail.do?billId=PRC_L2G4H0F9G0E9F1D3L2L6K1L4J0J3I2
185,푸드테크산업 육성에 관한 법률안(대안),2205976,http://likms.assembly.go.kr/bill/billDetail.do?billId=PRC_J2G4X1O1Z2W1X1W3C4E9I4P1G5A9O1
186,수상에서의 수색·구조 등에 관한 법률 일부개정법률안,2203079,http://likms.assembly.go.kr/bill/billDetail.do?billId=PRC_R2I4I0G8F2F0E1F7M0N0L5K0K5J8J1
187,선박교통관제에 관한 법률 일부개정법률안,2201686,http://likms.assembly.go.kr/bill/billDetail.do?billId=ARC_D2H4Y0X7G1M2Y1K5T1P0P3H7H4J5N6
188,수상레저안전법 일부개정법률안,2200402,http://likms.assembly.go.kr/bill/billDetail.do?billId=PRC_B2Z4Y0Y6G1H0F1G9E3F1D0Z6Z1Y9Y7
189,해양폐기물 및 해양오염퇴적물 관리법 일부개정법률안,2201593,http://likms.assembly.go.kr/bill/billDetail.do?billId=PRC_F2E4D0C6W1V4U1D4B2B1Z4I0G4D3L1
190,어선법 일부개정법률안(대안),2205972,http://likms.assembly.go.kr/bill/billDetail.do?billId=PRC_X2H4V1D1I2I0Y1Z5E4H4F2O5L7N9Y1
191,낚시 관리 및 육성법 일부개정법률안,2201586,http://likms.assembly.go.kr/bill/billDetail.do?billId=PRC_L2L4E0E6D1L4K1H4P2O0E5D6L2I7I3
192,해양환경관리법 일부개정법률안(대안),2205974,http://likms.assembly.go.kr/bill/billDetail.do?billId=PRC_B2Q4E1E1T2V0O1K5R4K2B1P6Y1C3K1
193,국립해양과학관의 설립 및 운영에 관한 법률 일부개정법률안,2200782,http://likms.assembly.go.kr/bill/billDetail.do?billId=PRC_W2V4A0U6T2T0Z1Z4Y0E2D2V8U6B2A6
194,해양치유자원의 관리 및 활용에 관한 법률 일부개정법률안,2200493,http://likms.assembly.go.kr/bill/billDetail.do?billId=PRC_P2N4O0N6N1L0T1U0S5T3R1S5Q2R0Z7
195,북한이탈주민의 보호 및 정착지원에 관한 법률 일부개정법률안(대안),2205965,http://likms.assembly.go.kr/bill/billDetail.do?billId=PRC_X2C4K1F1V1K3U1X3D5W7O0N3N9W8V9
196,6·25전쟁 납북피해 진상규명 및 납북피해자 명예회복에 관한 법률 일부개정법률안,2204233,http://likms.assembly.go.kr/bill/billDetail.do?billId=PRC_W2X4V0V8D0E5C1B6B5Z4A5W9X9V5V7
197,2025 경주 아시아태평양경제협력체 정상회의 지원 특별법안,2203440,http://likms.assembly.go.kr/bill/billDetail.do?billId=PRC_I2H4F0F8E1E2M1L7L5J0K1I6J0R2P4
198,국가과학기술 경쟁력 강화를 위한 이공계지원 특별법 일부개정법률안(대안),2205963,http://likms.assembly.go.kr/bill/billDetail.do?billId=PRC_J2C4N1D1M0L8Q1W3W0D9M1C2M8B3H4
199,특정연구기관 육성법 일부개정법률안,2201971,http://likms.assembly.go.kr/bill/billDetail.do?billId=PRC_M2K4L0K7K1S6Q1R3P5Q4O1P1E6C4D5
200,학교체육 진흥법 일부개정법률안(대안),2205968,http://likms.assembly.go.kr/bill/billDetail.do?billId=PRC_R2R4A1J1S0W5U1F5C1U8K0Q5N2S9Q6
201,학교용지 확보 등에 관한 특례법 일부개정법률안(대안),2205970,http://likms.assembly.go.kr/bill/billDetail.do?billId=PRC_C2T4J1N1Q0T5B1Y5A1F9R4F8V0G2U0
202,학교안전사고 예방 및 보상에 관한 법률 일부개정법률안(대안),2205969,http://likms.assembly.go.kr/bill/billDetail.do?billId=PRC_O2B4E1Y1A0F5Q1K5U1C4Y3T1N1X3P8
203,장애인 등에 대한 특수교육법 일부개정법률안,2202004,http://likms.assembly.go.kr/bill/billDetail.do?billId=PRC_D2B4J0K7I1J2H1G3G1O4P0N4N8M9K4
204,산업교육진흥 및 산학연협력촉진에 관한 법률 일부개정법률안,2201291,http://likms.assembly.go.kr/bill/billDetail.do?billId=PRC_V2U4B0A6Z2I0D1M0J0I9R3Q1M4S7R2
205,고등교육법 일부개정법률안,2201577,http://likms.assembly.go.kr/bill/billDetail.do?billId=PRC_A2B4Z0Z7Y0G8G1E1F0E8E1C3D4L2J5
206,채무자 회생 및 파산에 관한 법률 일부개정법률안(대안),2205955,http://likms.assembly.go.kr/bill/billDetail.do?billId=PRC_A2J4E1S1S2I6G1V8L3M0C1P3H8S0H1
207,각급 법원의 설치와 관할구역에 관한 법률 일부개정법률안(대안),2205957,http://likms.assembly.go.kr/bill/billDetail.do?billId=PRC_R2V4R1V1X2H6Y1C8B2X9E0F6D5G6N5
208,아동학대범죄의 처벌 등에 관한 특례법 일부개정법률안(대안),2205960,http://likms.assembly.go.kr/bill/billDetail.do?billId=PRC_E2Z4I1D1M2S6Z1F8T2M7B2D3M0R5H9
209,성폭력범죄의 처벌 등에 관한 특례법 일부개정법률안(대안),2205407,http://likms.assembly.go.kr/bill/billDetail.do?billId=PRC_L2O4B1L1K0W7T1S4Z5W4T4C0G5W5A4
210,출입국관리법 일부개정법률안,2201627,http://likms.assembly.go.kr/bill/billDetail.do?billId=PRC_O2O4N0M6I2G7H0V9T1U9T5I7G8H5G0
211,특별검사후보추천위원회의 구성 및 운영 등에 관한 규칙 일부개정규칙안,2204595,http://likms.assembly.go.kr/bill/billDetail.do?billId=PRC_D2E4D1C0A0I7J0I9G5F2N5M8M9L3J3
212,국회에서의 증언·감정 등에 관한 법률 일부개정법률안(대안),2205956,http://likms.assembly.go.kr/bill/billDetail.do?billId=PRC_I2S4Q1Z0R3L0Y1Q8D2Y7A5W2X8C9B7
213,국회법 일부개정법률안(대안),2205958,http://likms.assembly.go.kr/bill/billDetail.do?billId=PRC_L2P4B1H0V3J0M1P7O4A4M5Y9X0C7X2
214,이진숙 방송통신위원회 위원장의 공무원으로서의 정치적 중립의무 위반 의혹 등에 대한 감사원에 대한 감사요구안,2204913,http://likms.assembly.go.kr/bill/billDetail.do?billId=PRC_R2L4N1J0Z2N4Z2Y0V5B8W3W4E0Z8W2
215,대한민국과 에콰도르공화국 간의 형사사법공조 협정 비준동의안,2203229,http://likms.assembly.go.kr/bill/billDetail.do?billId=PRC_X2N4P0X8D2O7U1V1O2G4X5G1P7A1P0
216,대한민국과 르완다공화국 간의 소득에 대한 조세의 이중과세 방지와 탈세 및 조세 회피의 예방을 위한 협정 비준동의안,2203228,http://likms.assembly.go.kr/bill/billDetail.do?billId=PRC_J2J4Q0P8K2D7P1M1F2W1H0P2C4E0Q5
217,대한민국 정부와 필리핀공화국 정부 간의 자유무역협정 비준동의안,2203224,http://likms.assembly.go.kr/bill/billDetail.do?billId=PRC_Y2K4G0I8V2K7G1T1M0B1Z5W9G5F2Z8
218,대한민국 정부와 세르비아공화국 정부 간의 투자의 증진 및 보호를 위한 협정 비준동의안,2203230,http://likms.assembly.go.kr/bill/billDetail.do?billId=PRC_F2K4K0E8A2Z7U1G1J2Q8E4U1J7A6E4
219,대한민국 정부와 모로코왕국 정부 간의 사회보장에 관한 협정 비준동의안,2203227,http://likms.assembly.go.kr/bill/billDetail.do?billId=PRC_Y2J4B0J8K2H7G1E1K1K0W5L6I1N5Q3
220,국군부대의 「국제연합 레바논 평화유지군(UNIFIL)」 파견연장 동의안,2204612,http://likms.assembly.go.kr/bill/billDetail.do?billId=PRC_Q2M4Y1R0L0X8W1L0V3J8Q3X4M8K3W5
221,국군부대의 「국제연합 남수단 임무단(UNMISS)」 파견연장 동의안,2204613,http://likms.assembly.go.kr/bill/billDetail.do?billId=PRC_C2G4P1J0B0A8W1S0I4A3R2F5R5W7X3
222,한부모가족지원법 일부개정법률안(대안),2205465,http://likms.assembly.go.kr/bill/billDetail.do?billId=PRC_A2B4Y0M9S2B0M1H6Z5Q5N1F4B2V7T2
223,주거기본법 일부개정법률안,2201492,http://likms.assembly.go.kr/bill/billDetail.do?billId=PRC_M2U4V0T7U0S1T1R0Z5A7Y2Z2X4X3W6
224,자동차손해배상 보장법 일부개정법률안,2201804,http://likms.assembly.go.kr/bill/billDetail.do?billId=PRC_L2K4S0S7R1R5P1O0P1W3X2V5W1V8T4
225,자동차관리법 일부개정법률안,2203337,http://likms.assembly.go.kr/bill/billDetail.do?billId=PRC_Y2W4W0V8V0U8U1Q4O2P4N4O4M6N7V2
226,시설물의 안전 및 유지관리에 관한 특별법 일부개정법률안,2200874,http://likms.assembly.go.kr/bill/billDetail.do?billId=PRC_Y2Y4X0F6F1D3F1D4D0B5C0K4I9J5H3
227,새만금사업 추진 및 지원에 관한 특별법 일부개정법률안(대안),2205430,http://likms.assembly.go.kr/bill/billDetail.do?billId=PRC_N2Z4L0R9D2C5O1C4N1I2Q0X0G6W3X4
228,산업입지 및 개발에 관한 법률 일부개정법률안(대안),2205435,http://likms.assembly.go.kr/bill/billDetail.do?billId=PRC_B2X4W0J9E2K5U1X4E1P2L3J6Y0N5K1
229,도시 및 주거환경정비법 일부개정법률안(대안),2205431,http://likms.assembly.go.kr/bill/billDetail.do?billId=PRC_C2U4R0Q9L2B5N1L6E1X4I3V0M9C3W9
230,한국토지주택공사법 일부개정법률안,2202455,http://likms.assembly.go.kr/bill/billDetail.do?billId=PRC_E2M4L0K7J2J5S1R8P1O3W0V6U0S9T1
231,희귀질환관리법 일부개정법률안(대안),2205426,http://likms.assembly.go.kr/bill/billDetail.do?billId=PRC_I2B4R0J8Q2I3C1P1A5T1R4L1R9T4J6
232,산림보호법 일부개정법률안,2201588,http://likms.assembly.go.kr/bill/billDetail.do?billId=PRC_A2A4J0J7H0G2G0F8G4B5C5A7Y3Z7Y9
233,119구조·구급에 관한 법률 일부개정법률안(대안),2205470,http://likms.assembly.go.kr/bill/billDetail.do?billId=PRC_I2I4S0D9A2Q4N2O1M2W5U1E3L1Q6D1
234,민방위기본법 일부개정법률안(대안),2205468,http://likms.assembly.go.kr/bill/billDetail.do?billId=PRC_K2Z4S0G9D2V4O2L1P2C3S0A6U5O6Y6
235,방위산업기술 보호법 일부개정법률안(대안),2205412,http://likms.assembly.go.kr/bill/billDetail.do?billId=PRC_F2X4N0B9H2M4X1D7K3Y8M2Q1Z8Y7R6
236,군인의 지위 및 복무에 관한 기본법 일부개정법률안(대안),2205416,http://likms.assembly.go.kr/bill/billDetail.do?billId=PRC_K2B4A0M9X2V4T1P7W3Q3A2P9S0P8F2
237,군인복지기본법 일부개정법률안(대안),2205411,http://likms.assembly.go.kr/bill/billDetail.do?billId=PRC_H2E4A0B9U2Z4B1B7L2T9Q2B8J3J8W9
238,특수임무수행자 보상에 관한 법률 일부개정법률안,2202261,http://likms.assembly.go.kr/bill/billDetail.do?billId=PRC_D2C4L0I7H1Q8M1L3U1I5I2Q0M1M3U8
239,6·25전쟁 전후 적 지역에서 활동한 비정규군 공로자 보상에 관한 법률 일부개정법률안,2201828,http://likms.assembly.go.kr/bill/billDetail.do?billId=PRC_Y2W4X0F7G0E1E1C3B5C8J5K7J7J1H5
240,천안함 피격사건 피해구제 및 지원 등을 위한 특별법안,2201110,http://likms.assembly.go.kr/bill/billDetail.do?billId=PRC_B2A4Y0H6H2G6E1D4E2M4L0J3I4N0L5
241,정보통신망 이용촉진 및 정보보호 등에 관한 법률 일부개정법률안(대안),2205447,http://likms.assembly.go.kr/bill/billDetail.do?billId=PRC_R2X4J0R9O3L0E1L1F3A1T5X7T9S5N0
242,대통령 등의 경호에 관한 법률 일부개정법률안,2201785,http://likms.assembly.go.kr/bill/billDetail.do?billId=ARC_E2I4S0I7L1T6Y1U0D1L9Z3B3T0T9S9
243,국가인권위원회법 일부개정법률안(대안),2205421,http://likms.assembly.go.kr/bill/billDetail.do?billId=PRC_M2J4A1L0C3U0C1P7D3Q9B0Y1Y4S1Q8
244,국회도서관법 일부개정법률안,2203001,http://likms.assembly.go.kr/bill/billDetail.do?billId=PRC_F2G4N0O8M2N0L1L4K5S6S2R7R3Q5Q2
245,"후쿠시마 원전 오염수 해양투기 1년, 국민과 수산업계 보호를 위한 일본 정부의 오염수 해양투기 중단 및 한국 정부 대응 촉구 결의안",2203319,http://likms.assembly.go.kr/bill/billDetail.do?billId=PRC_L2M4K0L8J2J7I0Q9Q5P5P0N1O7N5N4
246,2023회계연도 한국교육방송공사 결산 승인안,2200072,http://likms.assembly.go.kr/bill/billDetail.do?billId=PRC_B2K4P0O5S3T1K2G0Z3W7J2V3B9B8A9
247,2023회계연도 한국방송공사 결산 승인안,2200071,http://likms.assembly.go.kr/bill/billDetail.do?billId=PRC_K2F4B0Y5C3G1C2H0H3S3V2U5H5L5M2
248,방송통신위원회의 불법적 2인 구조 및 공영방송 이사 선임 과정 등에 대한 감사원에 대한 감사요구안,2203321,http://likms.assembly.go.kr/bill/billDetail.do?billId=PRC_E2U4U0H8V2S8M1G7I4G5W1D3D3W4B1
249,양육비 이행확보 및 지원에 관한 법률 일부개정법률안(대안),2204313,http://likms.assembly.go.kr/bill/billDetail.do?billId=PRC_P2G4Z0A9H2E3N1F7Q0R3H4U4G0U1B2
250,아동·청소년의 성보호에 관한 법률 일부개정법률안(대안),2204314,http://likms.assembly.go.kr/bill/billDetail.do?billId=PRC_Y2A4J0Y9I2L0O1F6H5H2R5Q5B1K5R2
251,성폭력방지 및 피해자보호 등에 관한 법률 일부개정법률안(대안),2204306,http://likms.assembly.go.kr/bill/billDetail.do?billId=PRC_S2T4M0E9H2D0C1V6P4L1K0R6M8Q1P8
252,산업재해보상보험법 일부개정법률안,2200842,http://likms.assembly.go.kr/bill/billDetail.do?billId=PRC_U2T4U0T6R2Z1Y1Y5X2W6E3C9D5C8A0
253,산업안전보건법 일부개정법률안(대안),2204334,http://likms.assembly.go.kr/bill/billDetail.do?billId=PRC_N2R4A0Y9Y1R0G2K0P2O7O5C5L7H4G0
254,근로기준법 일부개정법률안(대안),2204330,http://likms.assembly.go.kr/bill/billDetail.do?billId=PRC_I2Q4Q0X9X1J0Z2F0Q1U7J0S4G3O2U1
255,고용보험법 일부개정법률안(대안),2204329,http://likms.assembly.go.kr/bill/billDetail.do?billId=PRC_T2D4D0V9J1W0C2K0E1A2Y1Z2Y2X1A7
256,남녀고용평등과 일·가정 양립 지원에 관한 법률 일부개정법률안(대안),2204332,http://likms.assembly.go.kr/bill/billDetail.do?billId=PRC_H2Q4S0H9I1P0R2H0D0N7M0F7X5J8J2
257,생물자원관의 설립 및 운영에 관한 법률 일부개정법률안,2201688,http://likms.assembly.go.kr/bill/billDetail.do?billId=ARC_Z2U4D0O7C1D2Y1I5K2Z1R4I6W3Q8I5
258,수도법 일부개정법률안(대안),2204328,http://likms.assembly.go.kr/bill/billDetail.do?billId=PRC_Q2S4A0F9V1X0Q1Q5F2Q2R1V0J4U4D1
259,환경영향평가법 일부개정법률안(대안),2204335,http://likms.assembly.go.kr/bill/billDetail.do?billId=PRC_R2O4E0V9X1K0Y1N5G2U1E0K9S8I3C8
260,대기관리권역의 대기환경개선에 관한 특별법 일부개정법률안(대안),2204333,http://likms.assembly.go.kr/bill/billDetail.do?billId=PRC_A2Q4P0U9J1H0F1C5X1Y9A0L0E6I4S4
261,기후위기 대응을 위한 탄소중립ㆍ녹색성장 기본법 일부개정법률안(대안),2204331,http://likms.assembly.go.kr/bill/billDetail.do?billId=PRC_B2M4Z0R9G1V0R1M5E1Q7J3J3I9X7X4
262,국민건강보험법 일부개정법률안,2201697,http://likms.assembly.go.kr/bill/billDetail.do?billId=PRC_N2L4L0K7S0S9R1R4Q2Q1P5W4X0W8W2
263,공중위생관리법 일부개정법률안,2200316,http://likms.assembly.go.kr/bill/billDetail.do?billId=PRC_J2I4Q0P6N0O4M1J6H3G7F0G6O5O5N7
264,장애인 건강권 및 의료접근성 보장에 관한 법률 일부개정법률안,2200900,http://likms.assembly.go.kr/bill/billDetail.do?billId=PRC_Y2W4V0U6V1R9P0O9T0R5S5A8Z8X6W9
265,장애인복지법 일부개정법률안(대안),2204321,http://likms.assembly.go.kr/bill/billDetail.do?billId=PRC_H2T4H0C8S2F3R1U1B5H3V2Z5H9I0A5
266,집행유예 선고에 관한 결격사유 명확화를 위한 노인복지법 등 6개 법률의 일부개정에 관한 법률안,2202093,http://likms.assembly.go.kr/bill/billDetail.do?billId=ARC_E2I4I0Y7R2I2T1N4C1N9T0A8G7V9J3
267,축산물 위생관리법 일부개정법률안,2202011,http://likms.assembly.go.kr/bill/billDetail.do?billId=ARC_K2W4D0G7Z1T9A1F6Z0R2U1W1K3L0D0
268,사회복지사업법 일부개정법률안(대안),2204319,http://likms.assembly.go.kr/bill/billDetail.do?billId=PRC_F2K4A0O8L2B3Z1A0C0T6I1A0V2U1F9
269,집행유예 선고에 관한 결격사유 명확화를 위한 사회복지사업법 등 3개 법률의 일부개정에 관한 법률안,2202088,http://likms.assembly.go.kr/bill/billDetail.do?billId=ARC_L2I4C0H7N2N2W1M4Z0A6N2C0H4J8R1
270,집행유예 선고에 관한 결격사유 명확화를 위한 마약류 관리에 관한 법률 등 5개 법률의 일부개정에 관한 법률안,2202077,http://likms.assembly.go.kr/bill/billDetail.do?billId=ARC_I2D4F0O7H2W2G1M1X0J2E2T3O1Z9M3
271,마약류 관리에 관한 법률 일부개정법률안,2201460,http://likms.assembly.go.kr/bill/billDetail.do?billId=PRC_N2L4M0K7K0T3R1R0Q3Q2P2L8L4J8K4
272,수산업·어촌 발전 기본법 일부개정법률안,2202051,http://likms.assembly.go.kr/bill/billDetail.do?billId=ARC_C2A4M0W7H2E2U0L8Z5W5D3P2U7T2A3
273,수산과학기술진흥을 위한 시험연구 등에 관한 법률 일부개정법률안,2202050,http://likms.assembly.go.kr/bill/billDetail.do?billId=ARC_X2E4R0A7P2P2E0M8C5K5R2F6N3K8U9
274,선박의 입항 및 출항 등에 관한 법률 일부개정법률안,2201669,http://likms.assembly.go.kr/bill/billDetail.do?billId=ARC_K2N4P0F7W1M2P1N4S0Q6K2A0N1B0R0
275,선원법 일부개정법률안(대안),2204310,http://likms.assembly.go.kr/bill/billDetail.do?billId=PRC_Z2I4Y0O9A0B3B0E9O3J1E1S0S3S6Z0
276,농업·농촌 및 식품산업 기본법 일부개정법률안(대안),2204312,http://likms.assembly.go.kr/bill/billDetail.do?billId=PRC_Z2S4T0T9X0B3P0J9L1Y6S3N0L9S7V1
277,농업·농촌 공익기능 증진 직접지불제도 운영에 관한 법률 일부개정법률안(대안),2204311,http://likms.assembly.go.kr/bill/billDetail.do?billId=PRC_S2U4U0G9W0C3H0C9M2W8M5C9C5N7T0
278,수중레저활동의 안전 및 활성화 등에 관한 법률 일부개정법률안,2202151,http://likms.assembly.go.kr/bill/billDetail.do?billId=PRC_X2T4R0S7Q1R7P1X0Y2W3X2V9W4U8V1
279,수산업·어촌 공익기능 증진을 위한 직접지불제도 운영에 관한 법률 일부개정법률안,2202098,http://likms.assembly.go.kr/bill/billDetail.do?billId=PRC_F2D4C0D7B1B5J1K5I2J8H0F0G7C0D1
280,문화예술교육 지원법 일부개정법률안,2202113,http://likms.assembly.go.kr/bill/billDetail.do?billId=ARC_I2N4U0O7X2Y2Y1C7K4H1Z4Z5B4A2R3
281,국민체육진흥법 일부개정법률안,2201042,http://likms.assembly.go.kr/bill/billDetail.do?billId=ARC_V2J4R0J6N2Q7I1G4S2R9R4F1F9U0T4
282,한류산업진흥 기본법안(대안),2204323,http://likms.assembly.go.kr/bill/billDetail.do?billId=PRC_O2T4Y0R9S0D2K0J9U1J7I2K8N3H2N4
283,체육시설의 설치·이용에 관한 법률 일부개정법률안(대안),2204322,http://likms.assembly.go.kr/bill/billDetail.do?billId=PRC_N2U4V0P9M0S2O0K9O1S8K2S6Q1V6D4
284,음악산업진흥에 관한 법률 일부개정법률안(대안),2204301,http://likms.assembly.go.kr/bill/billDetail.do?billId=PRC_U2A4K0T9U0V2C0V9F1Z3P1L1K1X0T5
285,영화 및 비디오물의 진흥에 관한 법률 일부개정법률안(대안),2204320,http://likms.assembly.go.kr/bill/billDetail.do?billId=PRC_A2E4E0W9L0J2N0O9O1Q5K5Z5Z0N4I1
286,대중문화예술산업발전법 일부개정법률안(대안),2204305,http://likms.assembly.go.kr/bill/billDetail.do?billId=PRC_S2V4G0V9O0K2K0X9U1U4D2W2D2B9I0
287,국가유산수리 등에 관한 법률 일부개정법률안(대안),2204302,http://likms.assembly.go.kr/bill/billDetail.do?billId=PRC_M2H4F0U9C0C2M0U9C1Y7H5K7V0O7C5
288,공연법 일부개정법률안(대안),2204303,http://likms.assembly.go.kr/bill/billDetail.do?billId=PRC_M2I4X0P9W0E2F0T9I1N3F5D1M1E6D0
289,콘텐츠산업 진흥법 일부개정법률안,2200022,http://likms.assembly.go.kr/bill/billDetail.do?billId=PRC_U2B4A0P5D3I0R1F4G5A0N4H6N3D1W4
290,이스포츠(전자스포츠) 진흥에 관한 법률 일부개정법률안,2200036,http://likms.assembly.go.kr/bill/billDetail.do?billId=PRC_H2W4Q0Y5K3I0J1S6X4T5O0T4M2E7C3
291,애니메이션산업 진흥에 관한 법률 일부개정법률안,2200021,http://likms.assembly.go.kr/bill/billDetail.do?billId=PRC_R2C4R0F5Q3N0N1H4N5T0N0T4N2Y0U7
292,문화산업진흥 기본법 일부개정법률안,2203136,http://likms.assembly.go.kr/bill/billDetail.do?billId=PRC_W2X4F0F8E1E9D1D1B2C9K4I8J6H3I5
293,국어기본법 일부개정법률안,2201312,http://likms.assembly.go.kr/bill/billDetail.do?billId=PRC_B2Y4W0V6T2U7C1A5Z3Y4Z0H0F1E5F0
294,공공디자인의 진흥에 관한 법률 일부개정법률안,2201527,http://likms.assembly.go.kr/bill/billDetail.do?billId=PRC_Q2M4N0L7L0K2L0J9R4S8Q1Q2P7Q3O9
295,북한이탈주민의 보호 및 정착지원에 관한 법률 일부개정법률안,2200056,http://likms.assembly.go.kr/bill/billDetail.do?billId=PRC_P2Q4P0X5V3U0T1U6C5A2Y3X3Y9V3T0
296,정보통신 진흥 및 융합 활성화 등에 관한 특별법 일부개정법률안,2202184,http://likms.assembly.go.kr/bill/billDetail.do?billId=ARC_I2Q4B0R7T2S4I1E1P3Q3I5E8S1G2O2
297,전파법 일부개정법률안,2202171,http://likms.assembly.go.kr/bill/billDetail.do?billId=ARC_D2A4K0M7H2W4T0B9Z1C2D5L1P6S9F2
298,인터넷 멀티미디어 방송사업법 일부개정법률안,2201040,http://likms.assembly.go.kr/bill/billDetail.do?billId=ARC_Z2B4D0J6D2S7J1N4B2Z1J3S8X0M2S1
299,소프트웨어 진흥법 일부개정법률안,2202137,http://likms.assembly.go.kr/bill/billDetail.do?billId=ARC_I2U4I0G7M2E3F1X1T2J7U4J2V7F3O7
300,우체국예금·보험에 관한 법률 일부개정법률안,2201592,http://likms.assembly.go.kr/bill/billDetail.do?billId=PRC_R2R4P0O7P0I8I1H6H5G8E4F9M3O2M0
301,방송통신발전 기본법 일부개정법률안,2200589,http://likms.assembly.go.kr/bill/billDetail.do?billId=PRC_L2J4I0E6D0D4C1A6I4H2I2H6F2O2I7
302,원자력안전법 일부개정법률안,2201704,http://likms.assembly.go.kr/bill/billDetail.do?billId=ARC_H2X4J0Q7K1B2E1F7M4T8K3E9Z9Z1N8
303,울산과학기술원법 일부개정법률안(대안),2204326,http://likms.assembly.go.kr/bill/billDetail.do?billId=PRC_B2D4K0L9D0O5B1M4N2A9S1V5L7S3R6
304,연구개발특구의 육성에 관한 특별법 일부개정법률안(대안),2204324,http://likms.assembly.go.kr/bill/billDetail.do?billId=PRC_S2O4H0N9E0Q5G1B4T2S9A5I2S1S2X8
305,대구경북과학기술원법 일부개정법률안(대안),2204325,http://likms.assembly.go.kr/bill/billDetail.do?billId=PRC_J2K4K0O9L0L5Q1W4W2N5B4H4F7Z1A6
306,과학관의 설립·운영 및 육성에 관한 법률 일부개정법률안(대안),2204327,http://likms.assembly.go.kr/bill/billDetail.do?billId=PRC_D2C4B0M9Y0U5O1C4Y2K4W5A6E5P5N7
307,우주개발 진흥법 일부개정법률안,2200127,http://likms.assembly.go.kr/bill/billDetail.do?billId=PRC_X2U4D0C5F3E0B0J9J1G8P4O3L4H1I4
308,생명공학육성법 일부개정법률안,2200538,http://likms.assembly.go.kr/bill/billDetail.do?billId=PRC_D2M4O0C6L1C7Q1N3H2F9I3O4Z1L2F5
309,국가과학기술자문회의법 일부개정법률안,2201929,http://likms.assembly.go.kr/bill/billDetail.do?billId=PRC_Q2X4W0V7T1C7Z1E6D5A7J4I2H1N0M4
310,광주과학기술원법 일부개정법률안,2201825,http://likms.assembly.go.kr/bill/billDetail.do?billId=PRC_L2K4K0I7J1R2P1Q2O1P0N3O2W6U7V0
311,지방대학 및 지역균형인재 육성에 관한 법률 일부개정법률안,2200328,http://likms.assembly.go.kr/bill/billDetail.do?billId=PRC_P2O4O0M6N0V7W1U4U1S5R5S4N8O0M8
312,교육환경 보호에 관한 법률 일부개정법률안,2200241,http://likms.assembly.go.kr/bill/billDetail.do?billId=PRC_R2A4Y0X6L0J3I0E8C3B4C3B3J1H6G5
313,예금자보호법 일부개정법률안,2200618,http://likms.assembly.go.kr/bill/billDetail.do?billId=PRC_X2V4W0U6V1T3U1P6Q1O0P2N7L9M6U1
314,각급 법원의 설치와 관할구역에 관한 법률 일부개정법률안,2200154,http://likms.assembly.go.kr/bill/billDetail.do?billId=PRC_R2Q4Q0Z5X3W0V1D5E1C8B0A2V0W8V4
315,지역사랑상품권 이용 활성화에 관한 법률 일부개정법률안(대안),2203923,http://likms.assembly.go.kr/bill/billDetail.do?billId=PRC_K2V4Q0A9W0M4H1Y9R4R5T2H2J4M8Q3
316,순직 해병 수사 방해 및 사건 은폐 등의 진상규명을 위한 특별검사의 임명 등에 관한 법률안(대안),2203920,http://likms.assembly.go.kr/bill/billDetail.do?billId=PRC_D2Z4G0P9D1B0N1P4G4P6S3T5H0I9B4
317,윤석열 대통령 배우자 김건희의 주가조작 사건 등의 진상규명을 위한 특별검사 임명 등에 관한 법률안(대안),2203925,http://likms.assembly.go.kr/bill/billDetail.do?billId=PRC_H2D4S0V9L1P0C1U4K4O4O3D0J4G1C3
318,택시운송사업의 발전에 관한 법률 일부개정법률안,2201404,http://likms.assembly.go.kr/bill/billDetail.do?billId=PRC_P2O4K0L6J2I5G1P3Q5O4V2W4S9Q8P9
319,공익사업을 위한 토지 등의 취득 및 보상에 관한 법률 일부개정법률안,2201390,http://likms.assembly.go.kr/bill/billDetail.do?billId=PRC_P2N4N0M7N0L1L1T0S5S8Q4R4Q1Q7M2
320,전세사기피해자 지원 및 주거안정에 관한 특별법 일부개정법률안(대안),2203263,http://likms.assembly.go.kr/bill/billDetail.do?billId=PRC_I2T4O0D8W2J0S1B1R5J4K5W2T0V9C2
321,폐기물관리법 일부개정법률안,2200485,http://likms.assembly.go.kr/bill/billDetail.do?billId=PRC_W2E4F0D6D1C3A1B0W3X6W3W4U0V0T5
322,간호법안(대안),2203286,http://likms.assembly.go.kr/bill/billDetail.do?billId=PRC_G2R4A0W8N2T7X1F9F3X4D2D1Y2V4C7
323,자치입법권 강화 및 지방자율성 제고를 위한 결핵예방법 등 7개 법률의 일부개정에 관한 법률안,2201121,http://likms.assembly.go.kr/bill/billDetail.do?billId=ARC_X2L4H0K6Q2T8F1C5W4X4S1S7B3B9W1
324,자치입법권 강화 및 지방자율성 제고를 위한 농수산물 품질관리법 등 3개 법률의 일부개정에 관한 법률안,2201176,http://likms.assembly.go.kr/bill/billDetail.do?billId=ARC_R2I4Y0R6W2E8T1C8Q3J0R3D7G7Z3X4
325,국민기초생활 보장법 일부개정법률안,2201053,http://likms.assembly.go.kr/bill/billDetail.do?billId=ARC_I2J4I0Z6U2T7W1P5B4R9Q1D3E9G7G2
326,전통시장 및 상점가 육성을 위한 특별법 일부개정법률안(대안),2203267,http://likms.assembly.go.kr/bill/billDetail.do?billId=PRC_Y2L4A0W8L1E9F1H6H4Y4Y1U1J5I4D6
327,소상공인 보호 및 지원에 관한 법률 일부개정법률안,2200236,http://likms.assembly.go.kr/bill/billDetail.do?billId=PRC_Q2O4N0V5W3V0U1S5R1Q8Y1X4V2Y2W0
328,대·중소기업 상생협력 촉진에 관한 법률 일부개정법률안,2200770,http://likms.assembly.go.kr/bill/billDetail.do?billId=PRC_L2M4K0J6H1I9E0D9B4A0I3J2H8G4E9
329,유통산업발전법 일부개정법률안,2201037,http://likms.assembly.go.kr/bill/billDetail.do?billId=ARC_T2C4H0N6B2V7A1D4S0L9W2U7G5S8W7
330,에너지이용 합리화법 일부개정법률안,2201034,http://likms.assembly.go.kr/bill/billDetail.do?billId=ARC_X2T4G0X6O2N7T1W3H5B4K0T8M4L7X7
331,산업집적활성화 및 공장설립에 관한 법률 일부개정법률안,2200377,http://likms.assembly.go.kr/bill/billDetail.do?billId=PRC_B2Z4H0I6G0H7F1E3E5M6N0L5L2K4I6
332,발명교육의 활성화 및 지원에 관한 법률 일부개정법률안,2200286,http://likms.assembly.go.kr/bill/billDetail.do?billId=PRC_C2A4Z0X6Y0G3F1E9C0Y5G2F3G0E2C5
333,도시가스사업법 일부개정법률안,2200767,http://likms.assembly.go.kr/bill/billDetail.do?billId=PRC_S2R4N0L6J1K9J0R9Q4R0Q5Y7W2X2W2
334,광업법 일부개정법률안,2200438,http://likms.assembly.go.kr/bill/billDetail.do?billId=PRC_R2R4Q0O6P0W5Y1W4W0U6T2U8B6C1A1
335,서민의 금융생활 지원에 관한 법률 일부개정법률안(대안),2203269,http://likms.assembly.go.kr/bill/billDetail.do?billId=PRC_K2R4O0U8J2A6E1J7I4Y1Y3O2Z0P3O6
336,범죄피해자 보호법 일부개정법률안,2200541,http://likms.assembly.go.kr/bill/billDetail.do?billId=PRC_B2B4A0A6Z1Z0H1G8G2E4F2D1E4M5M7
337,상업등기법 일부개정법률안,2202754,http://likms.assembly.go.kr/bill/billDetail.do?billId=ARC_P2V4R0B8U1H2C2E0N4K2J5R1F9X3E0
338,상법 일부개정법률안,2202753,http://likms.assembly.go.kr/bill/billDetail.do?billId=ARC_P2C4S0L8H1Z2D2E0U4L0N0F2O1W0C8
339,법인의 등기사항에 관한 특례법 일부개정법률안,2202755,http://likms.assembly.go.kr/bill/billDetail.do?billId=ARC_H2E4I0T8D1G2Q2Z0G4P5L5Q2C9R3G8
340,부동산등기법 일부개정법률안,2202752,http://likms.assembly.go.kr/bill/billDetail.do?billId=ARC_J2E4C0Y8W1V2L2N0W3J9T4D9E0V4B1
341,민법 일부개정법률안(대안),2203266,http://likms.assembly.go.kr/bill/billDetail.do?billId=PRC_D2R4G0H8P2B7P1V2D5H7Y0P3S7B2C4
342,노동조합 및 노동관계조정법 일부개정법률안(대안),2202444,http://likms.assembly.go.kr/bill/billDetail.do?billId=PRC_B2U4G0H7Y1F7C1X7H3D1A3O8J9V2Q2
343,2024년 민생회복지원금 지급을 위한 특별조치법안(대안),2202451,http://likms.assembly.go.kr/bill/billDetail.do?billId=PRC_W2J4G0R7Q1P8Q1G7B4C4K3G4A7L7V6
344,한국교육방송공사법 일부개정법률안(대안),2200948,http://likms.assembly.go.kr/bill/billDetail.do?billId=PRC_G2U4T0D6C1R8Y1J1U5N1T2W6M3Y3K0
345,방송문화진흥회법 일부개정법률안(대안),2200947,http://likms.assembly.go.kr/bill/billDetail.do?billId=PRC_R2B4G0U6Q1T8O1H1B5U1L0C0S2E6N0
346,방송법 일부개정법률안(대안),2200946,http://likms.assembly.go.kr/bill/billDetail.do?billId=PRC_A2E4G0C6K1K8P1M1E5X0I2B5I5Z5E2
347,방송통신위원회의 설치 및 운영에 관한 법률 일부개정법률안,2200461,http://likms.assembly.go.kr/bill/billDetail.do?billId=PRC_A2T4Y0W6A1H3Y1W6O2T4E3D0L1I1M5
348,일본 정부의 사도 광산 세계유산 등재 추진 철회 및 일본 근대산업시설 유네스코 권고 이행 촉구 결의안,2200467,http://likms.assembly.go.kr/bill/billDetail.do?billId=PRC_B2Y4K0K6M1Q3U1V6C5S5T2M7F3I8F2
349,공무원연금법 일부개정법률안(대안),2206329,http://likms.assembly.go.kr/bill/billDetail.do?billId=PRC_Q2P4Z1U1B2D7X2F0W3U4Z1S3S8Y3L8
350,장애인·노인·임산부 등의 편의증진 보장에 관한 법률 일부개정법률안,2202698,http://likms.assembly.go.kr/bill/billDetail.do?billId=PRC_N2M4N0L7L0K3K1S3Q1R9Q3Q2O5W0X6
351,법원조직법 일부개정법률안(대안),2204309,http://likms.assembly.go.kr/bill/billDetail.do?billId=PRC_Q2Y4E0I9O2V4I2L1M0L0R1Y9O7P7E7
352,공탁법 일부개정법률안,2202293,http://likms.assembly.go.kr/bill/billDetail.do?billId=ARC_J2Z4N0D7V2H6F1A3S4I9C5X1W1V3Z6
353,형사소송법 일부개정법률안,2202274,http://likms.assembly.go.kr/bill/billDetail.do?billId=ARC_I2G4D0H7M2B6S1F0Y4R3R1M6I3E6D1
354,중소기업협동조합법 일부개정법률안(대안),2206930,http://likms.assembly.go.kr/bill/billDetail.do?billId=PRC_T2A4J1S1J2N2H1A3U5R4N2C7K2E1W1
355,소상공인 생계형 적합업종 지정에 관한 특별법 일부개정법률안(대안),2206931,http://likms.assembly.go.kr/bill/billDetail.do?billId=PRC_V2G4P1U1A2L2O1E3J5W2U0Q2C4Z9X9
356,소상공인 보호 및 지원에 관한 법률 일부개정법률안(대안),2206925,http://likms.assembly.go.kr/bill/billDetail.do?billId=PRC_T2M4J1U1M2X2Q1A3I5D0D0L8F0V7I1
357,지역신용보증재단법 일부개정법률안,2201848,http://likms.assembly.go.kr/bill/billDetail.do?billId=PRC_X2F4G0E7F1D1E1C0C5K1J0J1I2I9G4
358,중소기업창업 지원법 일부개정법률안,2201983,http://likms.assembly.go.kr/bill/billDetail.do?billId=PRC_H2P4P0O6U2T0S1Q0P5M7U0U7S3R1Y1
359,중소기업 인력지원 특별법 일부개정법률안,2201147,http://likms.assembly.go.kr/bill/billDetail.do?billId=PRC_P2O4N0I6J2I7H1F3N5O1N2L6K5K6T1
360,자유무역지역의 지정 및 운영에 관한 법률 일부개정법률안,2201117,http://likms.assembly.go.kr/bill/billDetail.do?billId=ARC_V2W4L0F6G2W8D1C5P2S1U1T1X3O0F4
361,불공정무역행위 조사 및 산업피해구제에 관한 법률 일부개정법률안,2201129,http://likms.assembly.go.kr/bill/billDetail.do?billId=ARC_O2Q4F0K6H2F8F1L6N1W3C3O8Y9P0W8
362,특허법 일부개정법률안(대안),2206928,http://likms.assembly.go.kr/bill/billDetail.do?billId=PRC_N2I4T1H1M2K7D1S0P0O1G0B3K9Y2O1
363,실용신안법 일부개정법률안(대안),2206926,http://likms.assembly.go.kr/bill/billDetail.do?billId=PRC_V2H4K1L1N2O7F1Y0R0M0K1G4Q5E2E7
364,상표법 일부개정법률안(대안),2206923,http://likms.assembly.go.kr/bill/billDetail.do?billId=PRC_P2S4C1J1U2Z7B1N0Z0D1T4G1J9B9B3
365,산업집적활성화 및 공장설립에 관한 법률 일부개정법률안(대안),2206922,http://likms.assembly.go.kr/bill/billDetail.do?billId=PRC_I2U4H1E1T2K7M0R9P5S8N2S0K3V4K2
366,산업기술의 유출방지 및 보호에 관한 법률 일부개정법률안(대안),2206921,http://likms.assembly.go.kr/bill/billDetail.do?billId=PRC_M2J4M1D1F2U7F0O9P5K4J0U2N5O3H7
367,국가첨단전략산업 경쟁력 강화 및 보호에 관한 특별조치법 일부개정법률안(대안),2206924,http://likms.assembly.go.kr/bill/billDetail.do?billId=PRC_K2C4F1Y1X2K7G0O9Y5Y9C2U6S5K1O8
368,환경친화적 자동차의 개발 및 보급 촉진에 관한 법률 일부개정법률안,2202498,http://likms.assembly.go.kr/bill/billDetail.do?billId=PRC_J2I4G0G7F1G0N1M6M1K3M2K4K9G7E9
369,디자인보호법 일부개정법률안,2204041,http://likms.assembly.go.kr/bill/billDetail.do?billId=PRC_W2W4V0W8U2C8D1B4C1A8A5Z5V7V4U3
370,기술의 이전 및 사업화 촉진에 관한 법률 일부개정법률안,2203295,http://likms.assembly.go.kr/bill/billDetail.do?billId=PRC_T2S4O0M7L2M2L1Y0U2T5U0T7R2A2Y3
371,경제자유구역의 지정 및 운영에 관한 특별법 일부개정법률안,2204174,http://likms.assembly.go.kr/bill/billDetail.do?billId=PRC_N2L4M0K8J2J7R1R3Q3R2P2P6O4W6W8
372,한ㆍ아프리카재단법 일부개정법률안,2202082,http://likms.assembly.go.kr/bill/billDetail.do?billId=ARC_M2Y4A0O7R2P2G1H3T2G6D1Z9G9L0T1
373,한국국제교류재단법 일부개정법률안(대안),2206915,http://likms.assembly.go.kr/bill/billDetail.do?billId=PRC_E2C4L1X1C2P7G2P0G3D4F4F5E9B3K6
374,특수임무유공자 예우 및 단체설립에 관한 법률 일부개정법률안,2203016,http://likms.assembly.go.kr/bill/billDetail.do?billId=ARC_R2K4N0N8M2P0L1U8P2Z9Z0L8W8X1V2
375,참전유공자 예우 및 단체설립에 관한 법률 일부개정법률안,2202999,http://likms.assembly.go.kr/bill/billDetail.do?billId=ARC_H2Y4X0Q8R2Q0E1P7E1P1O5D7I3P5I8
376,고엽제후유의증 등 환자지원 및 단체설립에 관한 법률 일부개정법률안,2203004,http://likms.assembly.go.kr/bill/billDetail.do?billId=ARC_I2Z4J0K8Y2V0L1O7O2H7M5C8O8X9X6
377,5·18민주유공자예우 및 단체설립에 관한 법률 일부개정법률안,2203030,http://likms.assembly.go.kr/bill/billDetail.do?billId=ARC_Q2A4D0K8P2P1V1D3X1N4D3G7U9H9T5
378,보훈보상대상자 지원에 관한 법률 일부개정법률안(대안),2206911,http://likms.assembly.go.kr/bill/billDetail.do?billId=PRC_C2G4A1N2W0X3G1P3A2Z5G5Z0G2W6D9
379,독립유공자예우에 관한 법률 일부개정법률안(대안),2206913,http://likms.assembly.go.kr/bill/billDetail.do?billId=PRC_N2W4Z1G2N0B3B1Y3C2X8C5R8J4V2Z2
380,국가유공자 등 예우 및 지원에 관한 법률 일부개정법률안(대안),2206912,http://likms.assembly.go.kr/bill/billDetail.do?billId=PRC_K2P4P1J2C0R3N1U3N2Y7R4Y9N0E0X3
381,순직 해병 수사 방해 및 사건 은폐 등의 진상규명을 위한 특별검사의 임명 등에 관한 법률안,2200038,http://likms.assembly.go.kr/bill/billDetail.do?billId=PRC_X2A4X0I5U3L0T1D6L5T2K1D9G6Q3S4
382,검사(엄희준) 탄핵소추안,2201280,http://likms.assembly.go.kr/bill/billDetail.do?billId=PRC_V2R4U0H7G0E2Q1S3P4W3T4O1D1O9I9
383,검사(박상용) 탄핵소추안,2201279,http://likms.assembly.go.kr/bill/billDetail.do?billId=PRC_T2P4P0Y7P0Z2J1M3C4I3D0D8J5S0C7
384,검사(김영철) 탄핵소추안,2201278,http://likms.assembly.go.kr/bill/billDetail.do?billId=PRC_G2N4X0C7F0S2S1A3D4S2G3F3D0C5L3
385,검사(강백신) 탄핵소추안,2201277,http://likms.assembly.go.kr/bill/billDetail.do?billId=PRC_K2Y4M0L7U0R2M1U3O4R1R4Y8C4E5O3
